,0,1
0,1.6560710695176115,-0.5839303678258916
1,-0.4177317812774477,1.4818405315685268
2,1.336152777588239,0.029914776987272962
3,-0.13053057395162732,-0.06380065097613818
4,-0.3914078176675944,0.73871142432228
5,1.5289453375361945,-1.4388331680495448
6,1.1333995188210573,1.2382523735239603
7,0.05352169136637601,-0.44076704474413614
8,1.7988048306047721,-0.2390737962832734
9,-1.0638186398642668,1.682987176597321
10,1.153550399407179,-0.3323365783007743
11,0.32279198700833883,1.1847047977319436
12,-0.5604509528685406,-0.62279264219739
13,0.5345423785807333,-0.1405612543948197
14,0.9385649427485389,-0.4526644881405547
15,1.6384741385229045,-1.7817425629830774
16,-1.443527828069269,1.0444507601116961
17,0.25555547501331055,0.32983402191655753
18,1.5905762665701955,0.9967761522583095
19,-1.1399966963295785,-0.4015747097865613
20,0.5729995509010355,-0.7994509428501131
21,0.38031535785512505,1.2772395616639747
22,-0.03636725529864467,-1.091706567162597
23,0.7037151259649777,1.3241019936842038
24,1.126049138364162,-0.4801179039319977
25,-0.6820863165545537,-0.6597299103670053
26,-0.2732891742336854,0.19967433944989416
27,-0.022466711117506366,-0.512239530477839
28,-1.0195351483625394,0.6754735719526662
29,-0.6490898728005441,2.427165398904113
30,-0.5786545656292406,-0.22453785066216636
31,1.099959912113492,-0.28666546708048113
32,0.6283586438970856,-0.7390557040217991
33,0.10655958453789599,0.5876382365424256
34,-0.7146779961512444,0.1756749680828566
35,-0.851027943925962,0.28910736653394076
36,-1.3516128278935717,0.47487213834218356
37,-0.6109288684988702,-1.1171841876555095
38,-0.6450868078257728,0.8753103999140132
39,-0.1534063481478186,0.3851882205569146
40,1.1472773471792443,-1.0690838096550455
41,0.9209371475966862,-0.6563067176990116
42,-4.357670277296672,1.513017065837316
43,0.41570416222121065,0.41670530549176055
44,1.0986826592203356,-0.8341335224738716
45,0.15862977411008852,-1.6412168126571416
46,-2.069257113437658,-0.8868985227973867
47,-0.22172506799345576,-0.7565572135793681
48,0.6039020775506254,-0.6200429482154108
49,-6.61476161396837,-3.5270218823290995
50,1.0131354489912923,1.935968450154246
51,0.4004880326395975,0.19228678424428683
52,-1.3227101722422492,-0.5553485333874706
53,-1.2703647501832886,0.5009146036964203
54,0.00559106704132889,0.9846463346741219
55,-1.903923609203213,1.1080721175222763
56,-3.2681110645023903,1.8820005238413042
57,0.22764809379752982,0.7213903012304559
58,0.44036367592211983,-0.4173674140643673
59,-1.4482597079224755,1.8644380805324618
60,0.8531655530843617,0.19951118412231095
61,-0.06894680362059363,1.1796202530657647
62,-0.3849002990868829,0.032192066931801766
63,0.5766355384946729,-0.420847147333421
64,-0.4518806100798792,2.8098727910344703
65,1.3895047350530636,-1.0417356665764779
66,0.11419664621286826,-0.08167400614827924
67,1.2397165949183602,-0.26146334633598484
68,-0.8600282127256212,-0.761007706484836
69,-1.5026937869233077,-1.3667318825672434
70,0.4942318342811662,0.579897548710564
71,0.3823287653065926,0.09250145898349085
72,-0.46914878535255294,-0.1703727703864325
73,-0.6589936008239332,-0.3343280036563337
74,-0.06783732345634819,-1.536384586665792
75,-2.6285605497260054,-1.1749146963042931
76,-0.43373122778715234,-0.20069197007319012
77,0.47503019901881616,0.222852040408831
78,1.3350250474846348,0.25301693757411076
79,0.7484526234645827,0.1913300939058701
80,1.5706579518621704,-0.16249514594259706
81,0.11369164371599777,-1.837158912318753
82,0.6278824940974397,0.2142401715850044
83,-0.0470817001988344,1.5318995975740832
84,-0.6280100982434864,-1.043105758345241
85,1.0033690759000742,0.44560409604348444
86,-2.0107113125990446,-1.1283466790024586
87,-0.6263311767906539,-0.3400780802876546
88,-0.6356161703829879,2.188066005720802
89,0.3262652517327748,-1.9507317744328057
90,0.4771050889390819,0.26134242473965247
91,0.5422453549926171,0.6042584680746761
92,1.0678566387171728,0.1763857854187563
93,-0.6223543206544555,-0.1424597214456762
94,-0.5094822300696922,0.489319559894043
95,0.8554630074552088,-0.7006804266660513
96,0.3962845937909693,-0.17249442695705341
97,-0.14654932533608905,1.0395886204062172
98,-0.16497632767983123,1.6112548838139014
99,-0.5145099597046661,0.6342592127686641
100,0.444312234567728,0.29371359645328654
101,-2.1904544506539887,-0.5548010742450562
102,-0.6391923940475713,1.325037151303346
103,1.9737055116485394,0.13395991608697808
104,0.18401966475997006,-0.3650876435617572
105,0.11601568026314074,-0.6434455465011727
106,-0.21776389759062276,0.6285113774907614
107,-1.0956114467652007,0.5575618840569895
108,-2.51463377726384,0.4785493393110576
109,0.7028906168000262,0.6286802496600257
110,1.3355784759476843,-0.6210841848079567
111,-0.46164074931272125,0.18132611786257102
112,0.8673463639083958,-0.6023704813721564
113,0.47990251371500825,-0.5628013108338007
114,-1.3409554509670398,-1.3934087721630766
115,0.31069836098166576,-0.7022312943374827
116,0.18544763941470166,1.0985227677957614
117,0.09547472291883216,0.42027910534822943
118,-0.7459208492356099,0.8888127206570564
119,0.7177293924868897,0.906514390332685
120,0.3218101593610337,0.787753948951158
121,-0.12417384406969122,1.0613177272417285
122,0.69775168183834,-1.3524773435255546
123,0.8177681137852997,-0.8824270077672886
124,0.5692214594346919,0.31233051544043827
125,-0.6923757890369536,-0.45260366775853156
126,0.0026194161051063952,0.13860901038112872
127,2.4861050822042836,-1.6094778675618375
128,-0.552586370249068,-0.5038591804085535
129,0.921995912790261,0.08711647018445867
130,0.4815778823587588,-0.8737188915410953
131,-0.55586475767172,-1.7579162013066085
132,1.14847313642364,-0.30233164529489154
133,0.6021953817069925,-0.02573158516659904
134,1.6887931103818619,-0.7037944031034118
135,0.806350562788491,0.10194556790631726
136,-0.2965528482357678,2.2225578454610755
137,-1.4520160179872694,0.961199723077263
138,0.9580271311712101,1.0758429526726054
139,-0.3498768928345792,0.9642490491654825
140,-0.5181791596212652,0.132912237436486
141,0.6186893848815719,0.632760624529402
142,1.4558395455560045,-1.8186965894065956
143,0.7689318553620135,-1.267540651658599
144,-0.3368926159328379,0.00950339902766184
145,0.6107377479656617,0.5402108823999674
146,0.9225884081222646,0.8971303897440355
147,0.10809932717883106,-1.2170249472014492
148,-0.34024384094462573,0.2343903286840172
149,0.19105576760336118,-0.5834227318087173
150,-0.5901131212232235,0.47235554911985544
151,-0.436894381587952,0.5528878382183289
152,1.2469245792387946,-0.021666579676803077
153,-0.9442368572232888,0.6631567691958374
154,-1.5833129765836813,-1.4487845932214816
155,-0.7158507988689153,-0.14180793948824144
156,0.6457286968910282,1.409220178776955
157,-0.5417145718530073,1.264622817004665
158,-2.9184023908734615,0.4093374166079543
159,-0.9432325600090501,0.49575901531911337
160,0.6340131892509961,1.421843391442616
161,-0.21221477228079333,-0.496162345972382
162,0.42962738184338156,-1.740456673207157
163,-0.8157490701837584,1.6337137258280534
164,0.8006195737199349,-0.6616983177676736
165,0.09086685091789876,-1.355403513894322
166,0.28168882778337023,0.3341481242603421
167,-3.0029059700780856,-0.7707443056601523
168,-0.2682046254498551,0.19619580287550412
169,-1.33106423106297,1.4526898268701922
170,1.0372019619151223,0.865454415812398
171,-0.7721412631171876,-0.8753238286344304
172,-2.1333680074680346,0.31009372903530596
173,0.8972372020033592,-1.7663763497916696
174,0.014049518529210672,-0.9489279862754163
175,-0.24459021257526437,1.8729652434972337
176,0.19212030209244477,-0.045050855048798466
177,0.5898412325742549,0.6232011504790835
178,-2.1192185520275175,1.0733694332458645
179,1.738668311152106,-1.4336525852269062
180,-0.09122803205646181,0.03640489554373744
181,0.5041493105381838,-1.186521983430712
182,0.04588391274422887,0.27345103351712163
183,-1.1251289311414516,0.09979683526032843
184,1.101470153689527,0.20065442335038558
185,-0.0071907898537210135,-0.7099545644216614
186,1.3277138902437566,-1.3420204421173434
187,0.5387471621452682,0.32272022837266856
188,-0.7759613036724043,-0.3616096881845626
189,-1.6677524440570504,0.6654001872918456
190,-1.2915143494055379,0.4203901753318434
191,1.435707027422747,-0.28496344829390563
192,0.8448327435557277,-0.6650790599893688
193,-0.12607742631784602,-0.6156995365286233
194,-1.7753163213668315,-0.15408449854549527
195,-0.18906369186107327,0.5956699522589108
196,-1.62801131147374,-0.8170640727827201
197,0.19075942097671278,0.040306823685527626
198,0.17666687072523335,-0.2743069928777453
199,0.07174990314770369,0.14997347882141687
200,-1.786271321064575,0.3649712302915549
201,-0.5228731599031755,-3.757189309403592
202,0.5641746581276115,-1.683811163038662
203,-3.967513347672412,0.04860441752821654
204,-0.27234847895366177,-0.8176837015167622
205,-0.4334753022800626,-1.1647356447400594
206,0.6125521258146629,-0.007288029772051952
207,0.2857402580794967,0.47480947152732444
208,1.3234575058867097,-1.08444708824777
209,-0.3578688971555498,1.2605377847849595
210,-2.1598432302094874,-0.4882969440509428
211,1.045485270447199,-0.0943179266055614
212,0.59655863454194,-0.3413599765234151
213,0.3088131613589351,-1.9923425937018107
214,0.5325606817087145,0.5398187158417677
215,0.9891474658137355,-0.3085185169877817
216,0.9921063196985799,0.10722868299244803
217,0.5588926120861457,0.6171533572601506
218,1.2164680879025642,0.812381404047452
219,-0.0433640310286493,0.18047589988661716
220,-1.0168828988530842,0.2041528722694158
221,0.9061207923876303,-0.6679635486990566
222,1.5877043745191195,-0.4361117249708808
223,-0.20841921721732234,0.7038130177960397
224,0.727272428193896,0.12281409572224962
225,0.09610228095474654,-0.18249820197284788
226,0.40594734713156566,-0.7372323810523591
227,1.0263765100241589,-0.09800191482230826
228,-0.8405100396869697,1.7448014371882379
229,0.6238276486792043,-0.8221167022217666
230,-0.1123209906566637,0.6939541142195562
231,-0.5960738260757041,0.4580097904461663
232,0.14046442592685,-0.31308785484042545
233,-2.2347802137412436,-0.35861777000503203
234,-1.4234841819511166,0.3363681723878049
235,-1.5130772741731584,2.769985996999029
236,-1.083774978183001,-1.0237749438409791
237,0.3487516869827689,-0.9832830229055181
238,0.2632449895181847,-0.9394069808640815
239,1.0874880556076594,0.044688250569136834
240,0.22521195343892927,-0.1376612035052731
241,-0.7720119319235769,-0.06201218554344601
242,0.19344894225026393,-0.9061260572625545
243,0.44170752311584044,0.4618971675363391
244,-1.2151672853863489,1.5613578975912679
245,-0.6487918938823083,0.6839220994694946
246,0.5723319578746804,0.40064381118367637
247,-0.5190025466417382,0.41150224228009175
248,0.8484697097450002,-0.47062021264460463
249,-0.6633473789352705,0.9108644996423336
250,0.4196057635634901,-1.3113334792519424
251,-0.6830136014548518,-0.7699624603284025
252,0.30987211813582577,0.06666472665536022
253,-0.5784808707265364,0.20383999693773572
254,-0.041864949284071695,-0.19735200624322238
255,-0.04167597498942227,0.1297989914133567
256,0.5636675860464373,-1.3087406856536496
257,0.4001752499290806,0.09885381904275392
258,1.1680631364208902,-0.6672473375619079
259,1.397298004358504,-0.16947303038404551
260,-0.1322907555755781,-0.9514401010892186
261,-2.0073926070558663,-0.2805218199944759
262,0.12540471617357946,-0.04658163917395264
263,1.5407629346382703,1.1998860275320402
264,0.04918879973982537,-0.08098642057225347
265,0.29405663358978534,1.4878054744220475
266,-1.2669453801469324,-1.0090078924217398
267,-1.6499828322204193,0.12102133359813164
268,0.2556467180759121,-1.9587219587868105
269,0.8365638457996944,0.27915347431365367
270,0.44007354492783857,-0.25586838751914526
271,-0.7599575785595029,1.090839806454718
272,-2.289270722787174,-0.42490612691128204
273,-0.44935457646397825,0.35050287194675794
274,-0.9316729736876314,-0.19300804276137806
275,-0.47428416878548496,-1.238675941703565
276,0.27169058021837644,-1.723104288848903
277,-0.5765367231043783,-0.0024960540138191933
278,-1.3661905586959575,-2.8817413247899912
279,1.390551382887951,-0.2598858955846122
280,-0.2302259357618134,2.2571795233314904
281,-1.214778686230187,1.2503133450729824
282,-2.498251509448187,1.492856967505895
283,0.8639669240136997,-0.4248258396042382
284,1.3785863293515952,0.645976343039506
285,0.8377617143462794,-0.6904858962914537
286,1.6127561791416556,-0.36105364629623793
287,0.46637266421723617,-1.8336968224049672
288,-5.476044628470459,-1.4621748446084184
289,0.42767751853923763,-0.32897782202342646
290,-1.15866236045068,2.0320289263430213
291,-2.843645651243202,-1.4384576148471475
292,0.6462036556087918,0.904375245559275
293,0.7070637040603058,-0.20605342103932955
294,-0.25197169344894643,-0.8077332409018472
295,0.9557115136439824,0.2630280464602195
296,2.0741140587012006,0.9935908078165401
297,0.858507106861295,0.29995811517885757
298,0.17134172138405268,-0.0874029028523372
299,0.8468126937792155,0.5477208920705622
300,0.4362661667592623,1.9446852544726945
301,-1.6188327954636468,-0.2532085057401253
302,-0.38421920047314184,4.907866332263785
303,0.3511123211738276,-0.006667313387875851
304,-0.6851296443088987,0.7565861745323967
305,0.41047893633314064,1.8045650636824386
306,-0.04957403282835621,0.9584907485131513
307,0.5720144055031817,0.9181373648556957
308,-1.4505554633873503,0.53035914827735
309,1.1884057871611886,1.8134342857430836
310,0.9075219472740921,0.33777494972222477
311,0.6773246782428111,0.49116655567230016
312,0.5765558759792003,1.070965953943401
313,0.7707621982050288,-0.6380317874247039
314,-0.5544543511469293,-0.47104987164276496
315,-0.23743307516664097,2.6904201908377994
316,0.3276915103870699,0.2911693927094384
317,-0.6080242585315514,1.3522364880493567
318,0.17896732980523855,-0.7699718952530855
319,0.020464098144966695,0.8333072346461613
320,0.6342444069704202,-0.4692101436200253
321,-0.058442311921449525,0.0038053978664875712
322,-1.6078608858633403,1.3660359290052444
323,1.1307058035171955,-0.06646293356349348
324,0.3173385678651092,-0.7000393711776093
325,1.1317304236974353,-0.12888750296518586
326,-2.2119410937885613,-0.9797874078604333
327,-1.3292624110843434,-0.12419765833788914
328,0.15215161197995875,-0.49331012912061295
329,0.4201708461617832,-0.6674418779004667
330,-2.031000415767193,-1.4299099404217719
331,-0.23592850464705695,0.4366985261836499
332,-0.6868248628205771,0.5826333639854908
333,-0.033058627044438633,-0.7117263093740953
334,-0.8656563399599116,-1.701618627897218
335,-0.7345542275459698,0.8932029068460945
336,-0.029961383424209953,0.38629765923695
337,0.6673147715114937,0.838372963446362
338,1.4828447187473124,-0.40181453291245284
339,0.9158006783029046,0.47350724209391654
340,-0.0020412220871330877,-0.35661728257018455
341,-0.324563153827496,-0.5507860302876186
342,0.5567412822015845,0.6847127517473881
343,-0.11508749316296987,0.31993808349988295
344,-0.7390559920823526,-3.1979340301771897
345,-0.47637287589343147,0.41217430950348477
346,1.3533214819709014,-0.3422494306187352
347,-0.032712433524616225,-0.34396905875168704
348,-0.9545536191637285,0.8707084431906721
349,0.7727797556145237,0.48156036599426083
350,-2.2520697226363837,-0.5161811983379492
351,-1.3114371811093795,0.7133192510623845
352,0.4326216587353764,0.40025454027740526
353,-3.7696064025898757,0.7644651092382488
354,-0.7008536746647924,0.10401713461352816
355,-0.35118741189088193,0.03792165555948784
356,-0.8244491994905245,1.7692363383692746
357,0.09204075045097271,0.5390084017291782
358,-0.6134998070836444,-1.2549685852285697
359,0.5237568895389677,-0.8355658807064126
360,0.0624716323787622,1.7734974411816344
361,-0.3687276943869343,0.08827697345536241
362,0.5356814401661294,0.12803202362223964
363,1.0445092251654515,1.308651991530932
364,0.8557362101053764,-0.6080900910287964
365,0.4733761588671996,-0.05020667138872814
366,-0.2177597406812787,-0.17962289159519362
367,0.5498899883490329,0.04857214758281392
368,-0.6294865088059302,-0.22131173913647495
369,-0.6026698383363999,1.31138523511729
370,-0.8338630112057686,1.8863654013794122
371,-1.816786139950653,1.5607266826636634
372,-0.372414404090696,-0.9134623380490585
373,0.6688373729435312,0.658776333338142
374,-0.014331344906531762,1.5065818246799045
375,0.8275273013946989,-0.07398378210326569
376,-1.6156399308984923,-0.8028577559845093
377,0.06805917105666406,0.27322618731527826
378,-0.1314408604547015,-0.8112804417497907
379,0.06794282860753809,-1.3132228804674113
380,-0.07564480827528228,-1.1708610179742855
381,-0.5475505133570655,0.18131795961023361
382,0.08119920776121758,0.25134701935817116
383,1.4134058258082924,-0.1993484100024447
384,-0.8197526642959181,-0.9628804804743806
385,-0.24825339298014204,0.12236210472567777
386,0.434269360236496,-0.253631108708289
387,0.3961051194640332,-1.4107046878731813
388,0.4722256318171905,0.9546439303064822
389,-0.9156014401521176,0.7838659563962548
390,0.9882114737249881,-0.3095932071389348
391,0.11983304454618215,0.13341231330061187
392,0.7393483578963456,-0.6129561909204164
393,0.9910253542586304,0.7390539755381479
394,-0.07996068531703987,-0.835442765174939
395,0.6268573429583347,-0.5034776891314936
396,-0.17805114763753,0.31051615626251317
397,-0.08538816148932726,-0.8501659895857134
398,0.49866051945398426,0.0873815828905805
399,0.5198537162278385,-1.0942685578905442
400,0.47182117328296885,0.11078900144246265
401,0.04812399657808085,0.4559399960943604
402,-0.9038613176089411,1.143203053577892
403,-0.24659172068749774,-0.22966683117566883
404,0.17916396490691522,-0.924520439630846
405,0.35603101093666806,0.3250137046137509
406,-0.4791292385157522,0.012827139391941439
407,0.14924836321244006,0.45188406020066213
408,1.1152112556890377,0.6715703538422327
409,-1.0411467156793457,-2.3940736735505395
410,1.4746127313956787,-0.7445824815043589
411,-0.9350124412752802,-0.2733567585938718
412,0.334112732041664,0.6419508569512496
413,-0.8707755172141081,0.34875694699172965
414,-0.9123469811211891,-0.7213765885649954
415,-0.07929551928931347,-1.4688259929914924
416,-0.20178727312932548,0.7486389234128832
417,-0.002343981547811097,0.6093738297328283
418,-0.11628936668360745,-0.52830078341376
419,0.07599782308276626,0.7005298269037945
420,-0.1400513457942707,-0.9534680210217297
421,0.0252867432824202,-0.5789757615187962
422,0.7650197352118845,-0.5422448339522694
423,0.5866872351587369,-1.5928623857053292
424,-0.7312656703833622,0.6162452388127502
425,0.9197887245446205,-0.4121549446120665
426,0.8210779311091431,-0.3853072749099186
427,0.9116586748384845,-0.2580403247772811
428,0.7790416394494843,1.1382684416893447
429,-0.8377274709841703,-0.40170975018842425
430,-1.396238681231038,0.6160085591702601
431,-0.034010597385927516,-0.679995584598335
432,0.5716361755043091,-0.1314928986247829
433,-0.9130376034763503,2.0441831688410543
434,0.6120722618556658,3.3698071136431156
435,0.7058660247091084,0.7700159819214033
436,0.3812212771282947,0.0010276161167816489
437,-1.3668564030866954,-0.32582882267721314
438,0.1310580135740217,0.347318909597554
439,0.4952103633097154,-0.7679138211889464
440,0.18226824848785098,-2.5356096193759545
441,0.5206894848115777,0.27084783223876335
442,-1.6804449489296205,-1.5692152509564312
443,-0.2528444213002317,-0.012321959349445966
444,0.2078770414956111,0.00500594344942884
445,0.7621299525487901,-0.7763950672673728
446,-0.2299717390876748,-0.7297668487451245
447,0.42629623504752595,-0.20267700819398382
448,0.905305516283053,-0.08766758359578114
449,-0.17155990116875786,-1.8060848015081192
450,0.3551513148471954,-0.5805187609297779
451,-1.538595684735512,-0.7255908396096274
452,-0.1687418385680303,0.21142229897263487
453,0.2659044726483287,0.46828480463295197
454,1.3787240056006946,0.22839528982726884
455,-1.1977404341755262,-1.0021104843953115
456,0.36320013033089693,0.9745209652174862
457,-0.8754415499857551,0.08643859800266174
458,-0.26646556311038805,-1.106852919593668
459,-0.2873122884475715,1.3253092731021472
460,-0.08497657491267938,0.02619584558393938
461,-0.16490635123385483,0.1798707130545114
462,-0.5368516700059476,1.0091849087581315
463,0.09435169734093217,-0.8313195021452368
464,0.7155749708998778,0.2754892383539453
465,0.4012210279497301,-0.7681462706041573
466,-1.1179463515257972,0.012430471005743404
467,-1.8643482787180807,-0.46810121360359336
468,-0.5307758403279917,0.03164534775003999
469,-0.25473970119377565,0.7698867033298891
470,0.1965371295802788,0.8578650010049857
471,0.07531107324402653,-0.39794579213381676
472,-1.5741219024551647,1.2005877151272941
473,0.3204251089274368,-0.13929096179292796
474,0.7785830847637684,0.19079704193875807
475,0.020700413298499344,0.2468256489299413
476,0.9582007854838192,0.45258396231048514
477,0.2339288269005565,1.7360211722110432
478,1.430644166259356,-1.0479961734776377
479,1.0251144497544344,-0.5637972818140973
480,0.007468574549781781,0.77999252322574
481,0.22872160724155555,-0.16542866202379602
482,0.5581260576560876,0.22507071443805884
483,-2.755475438855225,0.5353674202879759
484,0.4336102628677655,-1.226515734384751
485,-3.869365972690833,-1.142925151313771
486,-5.179967004927901,0.6518033751345135
487,-0.02927742396151408,-0.1649484398503024
488,0.5709379576271013,1.2624502232452377
489,-0.5531303934850539,1.0782422927541297
490,0.3669690949382151,0.08579186544549222
491,-0.026175947015230145,-0.2541158616996103
492,-0.3840380870423533,-0.3977204547068838
493,-1.6339702946781902,1.4797103125649014
494,-2.570504974982109,2.404915154664316
495,0.1324134660804297,-2.0817442292470387
496,-0.38319944313696136,-0.5098054685585485
497,-0.35577896728210356,0.7456160587146176
498,0.3648299544068126,0.8836304806210309
499,0.2862570642516403,1.1364965439928199
500,-0.26732168729954014,0.10676669322828171
501,-2.49306724761621,1.2172998412352865
502,0.27887401450499916,-0.3991838724488611
503,0.724343621020827,-1.4796804004807664
504,-0.8375661791741026,-1.6540908707117032
505,-0.6693457424170768,0.5637066487645781
506,0.09663634368701673,1.0521250253701253
507,1.0040702293289012,-2.7475318784631106
508,1.3129598118880637,-0.2779570464647924
509,-0.09398540749217942,1.0033933126521526
510,3.067769834208156,-1.0634501811252848
511,0.29573818824608666,1.8867482046561461
512,0.9345542235577529,-1.2993689522934995
513,0.18448115410607574,1.312286814061587
514,0.7529804652012495,-0.6221507114342153
515,-0.21933743205721515,-0.7066499356518109
516,-0.07160167226293442,-0.38955653184250966
517,-1.8115576183441844,-1.1714979200572433
518,-0.633312086154745,0.9180708776335323
519,-0.07926059791146456,0.18178858829367145
520,-0.303654953820792,-0.5410120694572202
521,-1.146716517986675,-0.9819739221076483
522,-0.5184419927126053,-0.9010488558479768
523,0.7716537323356534,-0.05139123926280692
524,-1.601105606822727,0.08944745810843885
525,-0.7713994883328052,-0.07677371557604315
526,0.1658837965121891,-0.27915218646424916
527,0.6129502377807354,-1.3322502361668236
528,1.1021126086796305,-0.9621856457509532
529,-0.7405118097794456,-0.11980514241032833
530,-1.3452434123257817,-0.3769746579629694
531,0.7870192815640304,-1.567963955419848
532,-0.1937875137076991,-1.5842335577732694
533,-2.187746813696135,-0.5746456298165178
534,0.08270109876518657,1.325330031270859
535,0.5935548416303364,0.39390777881337885
536,-1.804233293720471,0.6850465645028827
537,-2.0530752243698225,0.10606125279097303
538,0.011583004422011933,-1.57983347062952
539,-0.6144638289598637,0.2562602859267727
540,-0.5599461989287602,-1.2181365310094057
541,1.5045750329521905,-1.1608715333782182
542,1.4961656627019553,-0.1624297304635422
543,1.1825292984500255,1.185131454784568
544,-0.0811126128610235,0.21523936478187852
545,-1.455623393160973,0.14640581437628086
546,0.38333260050817447,0.017410138200268377
547,-0.8799701371665835,2.3039355055310193
548,0.11033127288403866,0.8809436648417651
549,-0.5686378808813882,1.738039507714677
550,-0.5407637835393719,0.7757210033517944
551,1.265604003629956,-0.3295692930928115
552,0.5300637614625131,0.6748023414636418
553,-2.786588080614636,0.5997125919989318
554,-1.0355402339647302,0.08794729778423138
555,0.7067714019603822,-1.6702195959888462
556,-0.9254207186923764,0.2531805419417832
557,0.795148959172272,1.2921751057386759
558,-1.2102450560557307,1.6336878759405267
559,-1.3330053123360617,1.196887702948231
560,-2.6742699023853653,0.1495706930398516
561,0.1242443132439177,0.7746428436970181
562,-0.7594149633592358,0.44995052733467567
563,-3.8361498291065232,0.7705636058763661
564,1.1058324085699145,1.2392537552738967
565,0.5657355060187061,-2.22550910962971
566,1.0767834896732018,-0.733970575977217
567,0.25942733837424037,-1.231156004183746
568,1.6462221944829225,-1.1170769937538183
569,0.2922037844768287,-0.8211601628590801
570,0.7768254944842463,-0.4829537867004784
571,1.5574899234694637,0.09140155897431027
572,-2.3507256984163956,2.344785197512924
573,-0.6078848379734052,0.6665394061437322
574,0.1510038746533931,0.02189862543445914
575,1.6838974938754778,0.0015537701012833804
576,0.930131730213448,-0.352862197800888
577,-0.6730184749599282,-1.2647582692421038
578,0.7233799603711348,-0.2922821526635633
579,-0.6845561726570211,1.426142011771075
580,-0.31422794939733445,-0.4461207109177304
581,1.1514157916308538,-0.4504718761192885
582,0.76959333949905,-0.8167016857873537
583,-1.0611884184074791,0.4250501137695274
584,-1.7510017401961366,0.47853077626427365
585,-0.4917410169678026,-0.9706658225585316
586,1.0987164516185797,0.20314867813437357
587,-1.4183599568862058,-0.758545764559607
588,1.3344559883045655,-1.4227658339596916
589,0.6869487196793309,1.0358783448947837
590,0.3811103978289975,0.051418735250677694
591,1.2345078734223918,0.23628476224140582
592,0.5084545629276214,-0.12255648070838653
593,0.9260151477626314,0.5540891184841695
594,1.6171847205235585,-0.19401583457410504
595,1.3237997325209179,1.7857625211694184
596,0.6703653175350108,1.0841900566630194
597,-0.9245291388618265,0.40943653568261573
598,0.773957872295389,-0.27294727405123786
599,-1.7449307576215707,-2.2921529345458507
600,0.42681117272635055,-0.4475998819753135
601,1.5697897579295383,-2.825053453240735
602,1.6451484281351592,0.00765298664730224
603,1.5438206502555674,0.7031845547803738
604,0.3392461072287863,-1.095812768006096
605,0.15300763999648134,0.4370475246280401
606,1.472039173272603,0.2550457316550797
607,0.24109914905422858,-0.3540742475880144
608,0.5954143153002975,0.33449229534481584
609,0.3841472229186448,0.8601813456434845
610,-0.796431692318137,-0.6357135053772067
611,0.8267141301775573,-0.29455856165572053
612,0.38409844505482954,-0.2781045912249674
613,-0.12553269524091965,-0.19718934494654228
614,-1.1387131253043121,-1.4794123599176365
615,0.20765703035746647,-0.40979598504283693
616,-2.2320425013023004,-0.5472695356040523
617,-0.4232788126001785,-1.1512957074414247
618,-0.4065117765853651,1.891471937279156
619,0.8071359070988036,0.3330902777403257
620,0.19638467143239113,-0.026148448608994124
621,-0.21550456365406878,1.4166290464642568
622,0.20432143568956118,-0.3686083437784622
623,-1.0725406886194615,-0.008347031241448671
624,-0.25408560726804486,1.2831934096118063
625,-0.7965144272441543,-1.5393415868011664
626,-2.433486358262799,-1.1359053406251545
627,0.63359562143134,0.10041021289935437
628,-1.180616988813828,-0.14277281961150462
629,0.47830726681891034,1.8723677544215693
630,-0.8012835899293428,0.3309569505392342
631,-1.1964666316489418,0.5126768548204291
632,0.7758141331007029,1.1340396253480243
633,-2.3859353001653014,-0.32555916146964325
634,0.6876807193078411,0.4335100613724151
635,-1.4234213914590326,0.3566089669812851
636,0.43862180447149834,-0.056953630645833475
637,0.14302004679167157,-0.37654969339268984
638,1.0700006270884932,-0.7749289905294273
639,-0.6352257621941528,0.6999055002434773
640,-0.03139624471888805,0.09800967629965007
641,-1.3738638222597317,0.368425076660298
642,0.5195374771626862,-0.6197674715485826
643,-0.5642668913312283,-1.6916475699640485
644,-0.42640363767425205,-1.0388833396110642
645,-0.24396220054957674,-1.04275125030729
646,-0.15690544598975534,1.5079206479945513
647,-0.38481905029528973,0.5111208127398053
648,-0.7691824423613435,0.6346734416556008
649,0.5319746114325629,0.18797474278427062
650,-2.33905523470813,-1.6258900814863788
651,-1.0712460225230656,-0.8832054414804469
652,-1.8186690265127226,0.2620391850330096
653,0.17767695552690338,0.7084124311840083
654,-0.39140563186942945,0.34920539336071443
655,-1.0232649026668559,0.3064188799033461
656,-0.45669329713430085,0.8886588128043473
657,-0.6654999098353518,-0.3376562971318668
658,-0.3562773314344091,-0.2303278345528631
659,0.8922788302469348,-0.1982126323632089
660,-0.027473417225820557,-0.710476370542147
661,0.5389266252997309,-0.023292832459938573
662,1.2298706719681234,0.004751123516234634
663,1.2417978085350927,0.060892596999954585
664,-0.2576587490385481,2.1822157439071055
665,1.0271434736606884,0.3395400447191171
666,0.49952093764481836,1.6323799210330177
667,-0.5243552192067681,0.6332762892836723
668,-0.9830543826936167,-0.3763612214105861
669,0.8485378975252607,-0.9800106217736804
670,-2.16190881100864,-0.9330718467808168
671,1.3462157020410865,-1.081078754553483
672,-1.71124955216042,1.4791692061033714
673,0.19893787383096592,-0.6038409270287084
674,-0.42588805933071916,-2.227608841635041
675,-4.914251650923054,-2.4572653181731168
676,-0.4035139963972654,1.4220165855918014
677,-0.21022654165787452,0.6103463563119231
678,0.21585395202083385,0.5962331809841481
679,-1.3950777087589898,2.0958257714401896
680,0.968753931045381,0.6678470755500248
681,1.0747061436765373,-1.5162649342905097
682,0.8601441934557357,0.35629100236333366
683,0.062276502126479394,-0.04481125094187857
684,1.0380580603060499,-1.3800957428778764
685,0.8872039928375353,0.1159313613273169
686,-0.2916429500806573,0.8698508976597776
687,0.1946072616972188,-0.3656558317653642
688,0.21977849794695137,0.2809906311627429
689,0.201726867195519,-0.14507732957068886
690,-0.761482548661263,-1.5849182282260514
691,0.6772432687032,-0.9397207135809513
692,0.6325819354736275,0.24361537081730786
693,-2.843815811888891,0.46717788672903293
694,-0.3856315048311485,-1.9400698948952217
695,-1.8407915520544313,1.0497815758849098
696,1.098109702615277,0.8006432815820872
697,0.5448271231751041,-0.8999809511042891
698,1.2657522574275393,0.6471207019588119
699,0.7615988452356479,-0.6537244231067998
700,1.2802121214970148,1.016445855402197
701,-2.039970652322405,-2.589440284470732
702,0.7799541714173877,0.03651079380956734
703,0.11594878342255968,0.24375641613676055
704,-1.037335974099122,-0.5980784297746387
705,-0.5770181463119546,-0.7023169111273393
706,1.9403526475570962,0.17821849023471426
707,0.09695684907922691,0.08167338904902718
708,-0.6561541101814422,-1.046160475716167
709,-0.3638470128088155,0.9303282296578719
710,-0.6518174970179519,-0.9788649115609702
711,1.8649660194277917,-0.16633612756928312
712,0.07880968711398913,-0.8367329067326489
713,-0.04833416084640708,0.2773303461096547
714,0.13840166285294622,-0.46179575065692574
715,0.03337907664891948,-0.06397677266181612
716,1.324401014331363,0.8725671977547227
717,-3.155080195499552,-0.921309552180543
718,-1.4143777734264948,1.174112536964366
719,0.1126207540079498,0.8260748996713657
720,0.4061483217684769,0.09436250432835191
721,0.6876012523527508,-0.14838327384501718
722,-2.028233531940874,-1.5168158429007559
723,-0.1115697670126056,0.010035783811385646
724,-0.20458866459990765,-1.7607265766100142
725,0.12901069610082538,0.6934647165232163
726,-0.4876836428224503,0.9539419166640393
727,-1.2276192220074431,0.4073169278654203
728,-0.29642277845413184,-0.3188246004936507
729,-0.010016585463565875,0.04772431532701775
730,0.9825523704141514,-0.3629660696843165
731,1.6020365743163978,0.23834503277295815
732,0.8948397555420451,-0.05575047369023366
733,0.5862937670300292,-0.9232305241850118
734,1.231071275081672,-0.21966074108584266
735,-0.5593810757254558,0.7575478476530085
736,1.0977104724577356,0.13871454053660343
737,0.9482093930026791,0.8988986083544239
738,0.6047734523859989,0.4913316087201769
739,1.113812260237142,-0.14014134366027087
740,0.2912995411539094,-0.6002108907347106
741,1.3337086906666968,-0.3271556678898191
742,0.8211707242574411,0.2230563373956368
743,0.6925083204615485,-1.0207766847251971
744,0.8173268035889044,-1.3129871778387388
745,1.2503840335486824,-0.011510479721411782
746,-0.5051001856585468,0.7024136761537226
747,-0.10225987879313711,0.16967474143235045
748,0.4132388280876117,-0.045757020096788836
749,-0.9918594865812962,1.5351686607835715
750,0.8646085520394249,0.12002137764259983
751,0.9853691839403742,0.18780931033553583
752,-0.7215300864078362,0.7341278756395824
753,0.35862573921661856,-0.4823523974581987
754,0.2683852107217703,-2.4424793523320174
755,0.06128411569167305,-0.6147116995243136
756,-0.14795466739626165,0.050513902791726295
757,-1.6107322811767713,-0.1660519941184852
758,-0.358272130228055,-1.9244020166186628
759,-0.4410176096168894,0.4537133424812443
760,-0.887125277192318,-1.0251586771827328
761,0.5828572503964481,-0.28798895290141036
762,-1.7337291836470414,-2.02029423553701
763,0.48402979285654596,0.19930262953384986
764,1.0715030808188772,-0.14781870282531023
765,-0.4379867031845224,0.7872785006933563
766,-0.48291277472344873,0.12846473202772557
767,0.9562234520969036,-2.5547368135334487
768,0.1948220677231143,-0.1546117303008162
769,1.7733111754364568,-0.049040685663384626
770,-0.7086696927207128,2.569189050280813
771,-0.21911981357053928,0.13990996970666403
772,-2.5278639977744395,-4.439547527532964
773,0.3215456125729144,0.29408323520468266
774,-1.3313279874681039,1.1653462176050176
775,-4.067013897312667,-0.6202781708014364
776,0.6430968440936314,0.7610891389693237
777,-0.26691231265444026,2.2896889863237004
778,-1.7792654954382006,1.0195130531706846
779,0.7636414130786677,-0.7774931786481157
780,0.2353176585525279,-0.47478226033144744
781,0.6696738551276129,0.2578517424153034
782,-0.3853818023070785,1.4417467196905258
783,0.4297107025119889,-2.969489171947505
784,0.8287365389345172,-0.148871996067923
785,0.47105445976396176,0.2441775318309422
786,-0.7321541097751875,-0.5513296345798301
787,-1.5192205950248505,1.9426112922564263
788,0.8101061829781343,-0.7709482076465055
789,-1.3122414480382778,0.7521006723565639
790,-1.103797371943993,0.07459352678310549
791,0.26680704813788086,0.11267397405791857
792,-0.4493013066148006,-0.23717496268220617
793,-0.7435146386516841,1.1016031320948367
794,1.2750575926351915,-1.1061730990196863
795,0.8430440482698592,0.7384491871215335
796,-0.32768956758535195,-0.960343015613805
797,1.1814958657431487,0.8496266451760266
798,1.4104685936752488,0.9586993981826532
799,-0.15731122636266762,0.8826542633638061
800,-0.7422401282996433,0.27202549879020665
801,0.4798350896962256,0.5180536920928163
802,0.4270361858510653,1.6249757516156063
803,1.0131354489912923,1.935968450154246
804,-1.156552962008613,-0.876782667859437
805,0.13648936207611945,0.20428416192584858
806,0.9498386785775226,-0.10635881793312796
807,1.0451800556403024,-0.27184622922859586
808,0.552411792809277,-0.40470924140388664
809,0.6792134609636861,0.19067854576156928
810,1.3463788034140625,-0.5004100539616694
811,-1.4735993361831423,0.15740295842420163
812,1.2445540002062516,0.6236534411903379
813,-0.9780701009296656,1.0745106455871312
814,-1.0573212860184529,-0.6725359207463533
815,0.44361903202116776,0.8186758756183601
816,-1.415237663300429,-0.8846277271438188
817,0.6828728951077583,0.03947214368469215
818,-0.887229600743393,-0.9324257006949719
819,0.29901014977070484,-0.8029660285292485
820,0.779341296671209,-1.615805203678631
821,0.6857839577544128,0.14701270645398468
822,0.0019712014603856798,-0.8106054801441169
823,0.032022228600632495,-0.8663084670243564
824,0.12776794436417746,0.10800220045173088
825,-0.22197297783285483,-1.009357529878659
826,-0.6251995214752475,0.56499987970115
827,0.020999852219418025,-1.0735772421466132
828,2.1103689561341223,-0.34329316560609724
829,-0.6045190240703354,-0.43972784359910355
830,0.2978583091053375,0.8640676416133669
831,-1.7283223942896413,-1.0585601554850244
832,0.3259032542229462,0.6518159028829574
833,-0.21415243147557578,0.603439316647123
834,0.8115579983844342,-0.6543796463417206
835,-0.7901282604426922,2.318138988460828
836,-0.5011965572918738,0.35454134069388565
837,0.9829252199901306,1.7273982757746962
838,1.0774302027154683,0.5717546494785076
839,-0.29328314109024317,-0.14792109104563755
840,0.45342164005955465,1.9419122457292097
841,-3.1182319339825675,-0.6539642262844441
842,-0.809707815110079,-1.7605986177170025
843,-0.11535773162110319,0.13960042193757116
844,-0.046304563314408076,-2.9812344691202375
845,0.9581048743466288,0.22672118440381775
846,-0.4631142937343964,0.8652149796564086
847,-0.3859224807124847,-0.35194526856552044
848,-0.5002496386179404,0.3982692269300902
849,-1.4932448348125196,-2.8610399516976077
850,-0.5374304790431567,-0.06784297450455362
851,-2.9260899809516188,0.889241879332913
852,0.725129689047122,0.8440020544263488
853,0.8736546938492191,0.26679419030380414
854,0.20299049265312366,-0.3499708116515381
855,-0.8333195528034489,0.10129881510996708
856,-5.009331534355396,-1.5708448087762321
857,0.07959715635255046,-1.3753617844216879
858,0.23800593407889123,1.0759365491385207
859,1.3919864140423859,0.11422280663281015
860,0.10734507506116006,0.04290421864625564
861,0.19143641052523636,0.3287652769464695
862,-2.079759739014848,-2.3935299681328956
863,2.87802399191557,0.5219512262558872
864,0.6567664752898886,0.5858999194585521
865,-0.9582526912864402,-0.0881815483501116
866,0.1289823093845237,1.4216541542318644
867,1.1419206459484332,-0.32392237107287514
868,0.44962255491023567,-2.029222402144088
869,-0.9096511950431385,-0.12790608968015857
870,0.05571239997429381,-0.8690774642990912
871,0.7272304409214501,-0.004701288226649558
872,0.9006667523700553,-1.3878483629033158
873,0.28607034417374694,-0.987107870569051
874,-0.14320850363041554,-2.3119735838888893
875,1.0955506349516613,-1.7436247223628838
876,-0.04463401165049416,1.4662248267391782
877,0.21172796492992013,0.17079436247414834
878,0.7593692789821039,-0.568639388870857
879,-1.0395222354724027,0.6166506538654458
880,-0.10283792161223503,-0.13829153316748288
881,0.3959488825329263,-0.39351168695721306
882,-0.47080409447151655,-0.10132198279208246
883,0.053730785094832256,1.357051799533597
884,-0.5216087569481297,0.5892269185645362
885,0.5135411891734774,1.102590397641853
886,1.8332727328558591,-2.562361819871985
887,-0.8247291785718799,-0.5027633469606677
888,-0.6975929154682584,0.47779896355663853
889,0.26487297273175,1.27775393153453
890,1.3718374108820286,-0.7677666116957553
891,-0.12391228872113966,1.4047486209947047
892,-0.06606314223402676,-1.3884447005341851
893,-0.21597334054670042,-0.24376994390608775
894,-0.3652885498930897,2.2421965702877724
895,0.16143848340440856,-0.2961488719704137
896,-0.8762617601899171,0.5632620604397518
897,-0.9377043910747377,0.4956433075646375
898,0.5483857985571534,0.9401430894385486
899,0.12022172568286574,0.5888605718705904
900,-0.8099022383504568,-0.022132572315783666
901,1.3733140943143423,0.26596623246374107
902,0.07252398668227178,0.6484838149220142
903,0.015465832783544242,-0.15804462771960437
904,-0.18550719225386175,1.6957950582682662
905,0.28272100015320645,0.5757695458014405
906,0.46205990204731373,0.5024409761929282
907,0.8862776590494741,-0.004325780270445667
908,0.9650153803852485,0.4123399503806854
909,0.6788627473554227,-0.7195376364689697
910,1.070224828688342,0.6459884238537817
911,0.6448916650374561,0.19385847635527725
912,-1.8641646327959212,-1.6057492253049208
913,-0.39242780362691065,0.022649433018546827
914,-0.32200300422748035,0.28900288204376495
915,-0.20445393543164592,-2.440253003544317
916,0.1257159689566518,-0.21263255811253318
917,1.0053016431183033,1.2285717410048618
918,-1.1162698467181011,0.947006272035325
919,-2.3338512923594252,-1.522504177258206
920,0.40702273451044335,0.11308311468620796
921,-1.0219009111402264,-0.37809247090489223
922,-0.04238232207588524,0.6971014668435835
923,0.11393927553208008,0.2285820445176362
924,-0.08391601577919001,-0.25196984665228594
925,-1.8150246325652775,1.5863236918805557
926,-0.15282721074913597,-0.8751642570148502
927,0.04769743544930671,1.133218127118817
928,0.7803710004926514,0.7921782905731001
929,1.9951271862168984,-0.03241296336116184
930,-2.174715762338689,-3.002937505530381
931,0.30637204683353486,0.13699306536869085
932,-0.23538502709584666,-0.21915978695904023
933,0.7968997042948762,0.1614802302566729
934,0.5919507803386794,-0.9036144974968924
935,0.3755452273803438,0.643287854253228
936,0.029046271734348622,3.0704498497984023
937,0.887763696465793,0.1241272256459025
938,0.7477667395930168,-0.32392560007320215
939,1.0815636740543637,0.19937678450019022
940,1.6806936547193123,-0.4740660798936925
941,-0.26161245635218067,0.7351150071145636
942,0.48411736067729305,0.29200204882349423
943,0.5035934777981355,2.5730193474387635
944,0.8764274016256379,-0.07011973552337436
945,1.5024799634049704,-0.5020818220663459
946,0.4366852770512492,-0.32162918072203206
947,0.9893992194068801,0.8111113630890496
948,1.1207882342781605,0.7540546158415009
949,-0.697515368138335,2.2597812502354175
950,-0.47282200533343327,0.9843854700976442
951,0.194971479741317,-1.0106320655346646
952,0.061217953856425686,1.7897209766990463
953,-0.07756715015097604,-0.28299956103838353
954,0.8598302472022286,-0.04612955873456115
955,0.5224698941401114,0.511262459464328
956,0.4843859238629371,-0.7997058363009126
957,0.6163548143755958,0.08254896860962563
958,0.26006582279745855,-0.903932386652819
959,0.09739633297529708,-0.4483348149069514
960,-0.41621122743248473,0.11647704403126358
961,0.3241248938153586,0.06025962634494042
962,0.24418975563006,0.5792000007157386
963,-0.18016515507364406,1.212849026630927
964,0.5217346785291312,0.6835829112200726
965,-0.609282373355384,0.5207211354241713
966,-0.20095674481028797,-1.0036274853133693
967,-0.545952091130608,-0.10244020577843482
968,0.6430060346227346,0.20880965475492105
969,-1.3029862951592197,-0.22743386879381355
970,-0.7609564563346112,-0.7327888482576468
971,-0.4276861086783267,0.5743572969293905
972,0.8350967397554598,1.2786644119929054
973,0.41215521721531023,-1.7955657595609869
974,-0.2716855564944837,0.7435919426229579
975,0.9811146039806704,0.24625477142571617
976,-0.3322713240889797,-1.1338523868896797
977,-0.04092142366183302,0.11571937933329235
978,0.516373395766939,-0.0352403343495053
979,-1.407818815772281,1.2986057886618845
980,0.8012820616539535,-0.659117615436015
981,1.7527154897309525,0.26530972295589367
982,-0.923112239985499,1.1855665968917126
983,0.20671240914384786,0.6537009662049341
984,0.826274674490342,-1.1047540784692524
985,-1.104293571164345,0.3881428094138565
986,-0.3325927607719752,1.2572857479105068
987,1.0047836098866052,1.0738239958348696
988,-2.387834500770528,-2.592047677098619
989,0.17021582455449874,-0.004379749439075306
990,-0.00850403886844825,-0.010406395506651123
991,0.5585654564587679,-0.21982381662358175
992,-3.1792285938782,1.2425922086071013
993,-0.18842608249815102,-0.055130100696358986
994,-0.19399201743880357,0.39618597336335976
995,0.33055943811549826,0.08106364555284018
996,-0.9678526295606962,1.6322942740584518
997,1.06922580850174,0.10143224613197796
998,1.51661249486947,0.39675773165852957
999,0.28259752252203024,-1.4200291201403616
1000,0.7239013210360596,-0.10317482613536111
1001,0.1554359380461645,2.3490680846593643
1002,-0.023204352185640875,0.1371700393968311
1003,-1.1619894372436084,-0.8516582305503462
1004,-1.2515417230580077,0.8073798956058105
1005,-0.05841283844018845,-0.8680326697815448
1006,-0.15235433192599857,-0.09465923983277363
1007,0.8876153524333489,1.0146481629775472
1008,-1.2238604804071944,1.1677728506132559
1009,0.4843859238629371,-0.7997058363009126
1010,0.803681625874165,-1.3973392115466101
1011,2.3798334297796666,-1.1388875527102438
1012,0.3353284675787793,-0.16900438556828518
1013,0.5939429458598398,-0.4563707294512637
1014,-1.562022220579861,0.35740302378747446
1015,-0.7114685332013901,0.566860564482555
1016,0.1316919108560159,-0.7985205644809958
1017,0.324440920431874,-0.10105056422859424
1018,-0.4623789362820809,-0.8426276063496696
1019,-0.6202278851092659,-0.2754223072868004
1020,1.0572836471132154,1.0765647189171885
1021,-0.11040711988068382,0.5016795800178553
1022,0.7577715480015272,-0.06398443795880604
1023,-0.5426957718688084,-0.14011366001955455
1024,-0.817807623526384,0.5212174274388631
1025,-0.2983872180764306,1.1085963497841906
1026,1.885097231135979,-1.9141889238213479
1027,-0.9025442712636521,-0.7035589705193174
1028,-0.3396502436113214,0.07046138512778835
1029,-1.3293413646717254,0.7162074547692778
1030,-2.0071815256766645,-0.26793540891234646
1031,0.8364293661295392,-0.6205823714159506
1032,0.49868206588686703,-0.8334827503638398
1033,0.06815347387857473,-0.5600516521286776
1034,-0.46269031374947817,0.15260166181118684
1035,1.2929130449830744,0.6770208801247519
1036,0.6290181240022661,0.4151126538027017
1037,0.018596305154238657,0.5033663800605442
1038,-0.7399753634956945,0.19411429469326147
1039,1.088371408085931,-0.679402947849661
1040,0.18809083915681196,0.8853587076532895
1041,0.3321172091870952,-0.051480954095729475
1042,-1.0990506672640448,0.6078158912780185
1043,-0.9875721805904772,0.5713624377914764
1044,0.9588208915513995,0.3480618925351431
1045,0.11983935486451114,0.5232537634071708
1046,0.32662024087779395,-0.6346098899259349
1047,0.8473379971621862,0.5455606303900871
1048,0.38855993525069515,0.22824088814537155
1049,0.6123501429011813,1.3763697653852622
1050,1.6637886486965543,-0.11110117256695502
1051,0.4622891276259534,-0.04214263370099339
1052,-0.19473954341100144,-0.04162083776373007
1053,1.4690849600759917,0.9201305558284041
1054,1.3980390713456403,-2.2713052912414526
1055,1.243878665157018,-0.5945588253788539
1056,0.25794704348014635,1.2274801186167128
1057,0.7769071010576012,0.020092335828081564
1058,0.9413632684951779,-0.9703982183913793
1059,-0.7550244417375324,0.6104660615255832
1060,1.4071624408549188,0.7350344229036956
1061,-0.34191272722591914,-2.2419821218875935
1062,1.0336374302334597,0.4093784935684841
1063,0.5076476123529751,0.31296593531717115
1064,-0.7816669633923432,0.20920074425751833
1065,0.6886836460495515,-0.2088542184049943
1066,-0.10142882787839955,0.5226897408871634
1067,-1.2350502753818617,0.39348202108074903
1068,-0.0013807057970514625,0.6693246467259824
1069,-0.3043659017123038,1.126764448433109
1070,1.0550514197598326,0.8237717677275189
1071,-3.609000896740878,-2.8563464914784764
1072,0.11693849658611885,0.6550941364674883
1073,1.3578487150006429,-0.5548277375578953
1074,0.3861170923470739,-0.5175168483334293
1075,-1.139099647305176,1.6565658503527354
1076,1.431830739647018,0.8343404793004029
1077,1.2136689253563375,0.3990473499497086
1078,0.2705553685545876,-0.24088245316634904
1079,1.3375197042196914,0.8649841420781961
1080,0.6650688925982036,-0.6742592155713178
1081,1.5584118782337848,-0.20261855632246684
1082,0.6549283709143714,0.8025224936969544
1083,0.5528717081597185,-0.29064380352507824
1084,1.4176617717496103,-1.8154632867879845
1085,0.30897486122232837,-0.31116625384243934
1086,-2.0488082383779376,-0.8985682244415371
1087,-0.3386184128719807,0.6003980865913197
1088,0.07268316926627615,0.5248553347012809
1089,-0.9004055837816897,-0.1397112578242234
1090,0.5486878261633714,-0.5383218158852733
1091,0.12564719677412478,-0.6535597458589137
1092,1.215479945585607,0.7038437343606129
1093,1.0234010453097115,-0.5718979199264611
1094,0.27522908498982634,-1.0726147898984166
1095,0.8314799362077809,-1.0840707358899344
1096,0.6330859780445595,0.8358368963730204
1097,-0.29968229417578157,0.5469783616503372
1098,0.7169193175708658,-2.3566326511285007
1099,-0.3528323251482201,-1.1136862638749163
1100,1.2275822954475077,0.029214976278364724
1101,-0.6104848735802695,0.48962383055774117
1102,-2.255714682506282,0.704251347271784
1103,-1.2388978783290052,1.3319550287492845
1104,0.9909690369239268,1.0113271799536139
1105,1.6704160171315077,0.13124134505887539
1106,0.2282083467777928,-0.11040458883471527
1107,0.8405399210944691,-0.049346036717539954
1108,-0.044178138685332435,-0.6962006578899256
1109,-0.5144634165579197,-0.36475534871064474
1110,-0.09113707668328991,-0.14263835921676504
1111,0.9114076410632295,-1.1341295156831392
1112,0.5791194606148002,0.2706391884383005
1113,0.4133741073239387,-0.15497095442116748
1114,1.0985074106322277,1.0819789326883802
1115,0.9374281265405764,-0.5245640996192372
1116,1.3441152983407592,-1.2163956926507558
1117,0.5546316259384112,-0.13435437573949732
1118,-0.4308154385240948,0.412097008488575
1119,0.4414851965342985,-0.3190413750856713
1120,-0.2252182728037448,1.8893809699518735
1121,0.465815164008708,1.0596488520456966
1122,-3.0652055854104017,1.78817673428926
1123,-0.7876718512172778,-1.1973148553793524
1124,-1.1143579188834127,-0.9595825216078832
1125,1.1964554593488743,1.0691356969081653
1126,-0.38868542908307246,-0.726276963342023
1127,0.5833336054329359,-0.8613924308502052
1128,-0.5178916821663699,0.566366436561256
1129,0.6157297256831478,-0.33473160815249464
1130,-0.24180245138920609,0.4210403471631956
1131,-0.502726227314636,1.193979513887872
1132,-1.5106792989479325,0.6081536228004671
1133,-0.43279618259354485,0.46506458401690576
1134,0.02988695688977861,0.7988400422004871
1135,-0.08582216188707317,-0.618822475902384
1136,0.9147194492245841,-0.2110032034181048
1137,-2.5991784620542195,-0.7495365403177421
1138,-0.03466281932058993,-0.2678967844839334
1139,-0.09627592297555071,-0.6075543019629254
1140,-0.05766323068053854,0.686996605557993
1141,1.0459237022282306,0.5582728296188559
1142,0.014272197401617948,-1.22626013566902
1143,0.25942030102712715,0.005401109606649135
1144,1.3463577151126072,-1.7487929228138626
1145,-2.2115876439543767,-1.221360056943774
1146,-0.2627410808718856,-1.0127375281651567
1147,0.5496486829879674,0.5690974968439011
1148,1.6078374283955608,-0.8783596042216228
1149,-1.381584200358986,1.156708441682204
1150,0.2626229438497947,0.49444731083316934
1151,0.448706458635301,2.4746231102574208
1152,0.40526937166026056,-0.4935271728856616
1153,-1.133850176160666,-0.19214810450559072
1154,2.5581155536965268,-1.339939024076842
1155,1.1646355907461472,0.31740885284923115
1156,1.0064147683512885,-0.1271955616042494
1157,0.4972598550249938,-0.3877418634432173
1158,1.0902706833442368,0.3396497296898091
1159,-0.29757578286485653,0.2297356287102978
1160,1.7274379455664337,0.014330681341548246
1161,-0.2336146815686522,1.646655616446389
1162,-0.24497960673119928,1.1514558006998912
1163,-0.6390924347735419,0.6100982367096052
1164,-2.39986072309796,2.0303138719250553
1165,1.1178271254935679,-0.06029017485820498
1166,-0.3009938735566877,0.3664569755240361
1167,1.172618683451037,0.7091744727233822
1168,0.19741776378025097,1.4358010011886222
1169,1.5110232436883837,-0.5378085333369669
1170,1.1021643722217678,-1.9485900494750785
1171,1.1487689105227599,0.7147980376020313
1172,1.0333869697046396,-0.30903187321512476
1173,0.029984242381931675,0.28887795112893155
1174,1.0279929101892737,-0.694011221337597
1175,0.45483660697669237,1.7590647488011322
1176,1.052912519053088,-1.8113542612009996
1177,1.2604299572461026,0.16503266190737115
1178,-1.832612540920291,1.7763200560173549
1179,0.849322964657468,-0.5261286403232508
1180,1.2674179012732298,0.3917399107968764
1181,-1.5496017398373907,-0.7135087800932632
1182,1.6015566597470308,0.4325024745832204
1183,0.8179846821686882,-0.5827149827635214
1184,0.5029344780105363,-0.4745210737984985
1185,1.0074411111458998,-0.041520862240682854
1186,0.48610536438312074,-0.21659737995482814
1187,0.9046867005791139,0.21277579873143254
1188,0.7115346343288552,0.10891149360636676
1189,-0.5934492557033343,-0.18909598355910734
1190,0.0294089987573055,0.12889505610327912
1191,1.3694308734993184,0.929149088312554
1192,0.28945014944565134,0.9510877601983141
1193,0.28970859186064357,-0.6117239272349924
1194,0.2963233743237999,-0.13171565817975966
1195,0.01753885193359067,2.6213711252480634
1196,-0.22964660958368271,0.48343923314748594
1197,0.16602949255064156,0.7103506246077469
1198,0.5112375069069381,0.9440586593907636
1199,0.9867173279631513,0.09989411055855502
1200,-0.3752670969531222,-0.14555275279626356
1201,0.7228986086761369,-0.8462351179208086
1202,-1.8102350131735012,1.3364621201305598
1203,-0.3652674923198619,-0.4693305438687208
1204,1.401912064634756,-1.6423227315539215
1205,-1.0339038291148366,0.3464758052709742
1206,0.1357204085779899,0.15023937386909353
1207,1.0476669467170012,-0.6713006421813669
1208,-0.6072560337654151,-0.01933479851404174
1209,-0.03825816059507564,0.007312178949905879
1210,-0.22576565364500606,-0.7992346770560333
1211,0.08996941509626354,0.9453898290961057
1212,-0.2935745428442278,-1.1029989023722018
1213,-0.16817051661494953,0.02967236528515338
1214,0.44183326938661316,-0.5858769314603742
1215,0.5071243414845287,0.866108350674368
1216,-0.9270544962797063,0.5931731342539203
1217,0.971763275219914,-1.4634135326510056
1218,-0.7969843495007525,0.48880616329690707
1219,-0.359400437302399,1.6664750867839528
1220,-3.8225100762106616,-1.641778319457102
1221,-1.1851150005856672,-0.3198745625317096
1222,-0.8439392876902647,0.014487993009933697
1223,1.4701766585885814,-1.4422217500630983
1224,-0.3931121028945115,-2.5405144377693594
1225,-0.4015350181979248,1.1828911731301253
1226,0.31384927116690575,-0.30964375719282294
1227,0.10187872642804324,-3.3667030398840336
1228,0.6710803641339893,0.0287375149524306
1229,-0.09603235993308276,-1.3400792367016923
1230,1.1978925713876436,-0.014810832399286489
1231,1.1463306802921436,-1.1252813270668707
1232,-0.91209869742888,-1.0239420617072017
1233,1.2227450956713883,0.3100621763896404
1234,1.8131519826676903,0.5158744346094919
1235,1.0222893758059892,0.6237193768486986
1236,0.06468080387018844,-1.0416492825202244
1237,1.0920785464213718,-0.040669081620237135
1238,-0.1912390866772284,1.2131345816338437
1239,-0.9628828197739199,-0.7702076147054916
1240,1.2041154695727547,1.2965601133008973
1241,-2.62259884842792,-1.4663772703001041
1242,-0.3769023761306485,-0.3348192866841628
1243,0.4729552838862204,-1.6503867630847648
1244,-0.6409590068278143,0.46855718942692043
1245,-1.106901295942808,-0.2839714557960684
1246,0.539270139587305,-1.3148922737950688
1247,0.8230546988655962,1.3523885189811897
1248,0.836671658424408,-0.2867506190417456
1249,1.6211547118654122,-0.37682583230424094
1250,0.488490421971598,0.6434446347606755
1251,0.23609020621739957,0.9296388359503318
1252,-0.3545933207023686,-0.08623716311215546
1253,0.0096430377998033,0.2904392561168113
1254,0.09394362101162537,-1.141302992444286
1255,0.6208739649404009,-0.5797149654623244
1256,1.3780836700669399,0.9115183984287285
1257,0.6243672552889383,0.9295278318836679
1258,-3.297989884578794,0.4384554376091786
1259,1.81300810295748,0.2871277564893093
1260,1.3631637447602651,-2.0343487477534583
1261,-0.08934266539097563,-0.11946659131030196
1262,0.5284642521485192,0.6880309501148352
1263,0.21590211181605262,-2.894436047458534
1264,0.9508967790928124,0.07770105096918425
1265,0.7571971589952813,0.5930137343595222
1266,0.4465797961754667,0.09292658250400351
1267,0.9077360521584876,0.6165048925665428
1268,0.27445773980366583,-0.9428188698015711
1269,0.08132392308342154,1.2549194210538288
1270,0.8423259830629677,-0.378184916098142
1271,-3.0045052158072556,-0.0677124993449385
1272,0.42532889745323366,0.3845785086901233
1273,-1.1945571271411204,-1.4946307118657076
1274,-1.0797841673536044,1.6191325642172325
1275,0.7540888535051767,-0.7550106024572791
1276,0.5675950732060806,0.6945576714846065
1277,0.18277276658889383,0.1949635078748458
1278,1.5543440312490704,-0.8077022955205059
1279,0.84496995531626,-0.42785507453217003
1280,-0.7678785928673806,0.2694768178163428
1281,-0.3388190959543283,-0.9198271876712673
1282,-1.71583335019371,-0.8857189587057294
1283,-0.014764091336559093,-1.2404164444221495
1284,-0.7373608621453311,-0.08204704135659427
1285,2.3830096797384037,1.0439117512972302
1286,-0.006154581332714182,1.0484274145334453
1287,-2.703970948998082,-0.1717743902311244
1288,-1.000682202246466,0.09018259207491425
1289,0.9807780354322113,-0.26742194978783934
1290,-0.059847244708579155,1.2251962733761763
1291,0.7722000661528905,-0.2813626382929247
1292,-0.314383856550948,0.34500638043278337
1293,0.9424032657752015,0.6981403286711361
1294,0.03562999068228062,0.3821782500753363
1295,1.1024259818140942,-1.0977165384265544
1296,0.8473247937001254,-1.8558815973197709
1297,0.20913375991952696,0.11876760761644778
1298,0.5438491602282263,0.7403479541479993
1299,0.44409237397719603,0.8312182779025639
1300,-0.15776672216734441,0.4049186880484218
1301,-0.9615805750135635,0.694212103813044
1302,-0.7881937131265054,1.182271475350972
1303,0.25227844498982566,0.4949919479557241
1304,-0.5048159900835827,0.04773081039936794
1305,0.6537019985975825,-1.606923148968607
1306,1.2318841833638623,-0.5373351752092907
1307,-0.8535803132559171,0.8788298341202088
1308,-2.0655604569764963,-1.484503977734871
1309,0.38245010065405594,-0.3719955200352853
1310,0.24247165793114459,-0.7620292376714817
1311,-1.0222481054542563,-3.370322749185855
1312,0.06931135065934259,1.1578971402894134
1313,0.30565076754511955,0.9856306733314784
1314,0.4528684600401519,1.381566005169021
1315,-0.24087869699817674,0.28603388364501625
1316,-0.5282630155344159,0.48409721638624015
1317,1.6126351872701892,1.091149670275482
1318,0.13747984424975812,-0.1880094793960051
1319,-0.3438723509658524,-2.9558828420139633
1320,0.39701156709301766,-0.5691976543982273
1321,-0.6162596703868735,1.5736594856031654
1322,0.09969074314554344,0.29004414896278874
1323,-2.878879307877312,1.4999624500701594
1324,-0.23704986992838997,-0.04408711045941366
1325,-0.195470902897453,-0.7581720372919802
1326,0.8912488735359023,-0.979365494558796
1327,0.5491858207222967,-1.4236063289431704
1328,1.302851137537977,0.5303862349105712
1329,-2.024814399477987,0.23989257328672853
1330,-0.48745657907691753,-0.30510033455799335
1331,-0.6735198962914082,1.8848101610317498
1332,-0.6592654188490634,-0.00632150214265037
1333,-1.1728098015949864,-0.14944337516003836
1334,0.8482900924606367,0.7053508329556054
1335,1.03241246061918,-3.341123527381056
1336,0.10191170269337176,1.4774322375367408
1337,-2.1948351576082317,-0.2246587857663329
1338,0.4119837389477068,0.9689988490767504
1339,-0.4554594201826389,-0.1482814262533903
1340,2.0649783804553232,-0.5890044418809376
1341,-6.105043049561084,1.0894967386209111
1342,0.6391839730395723,0.8074310265818314
1343,0.42636452173288164,0.302185126920391
1344,-0.9460064016799238,-2.335169822865207
1345,0.20382107078969422,-0.1845957156970458
1346,0.004031934099676393,-0.20003982625744082
1347,1.2930450737220012,-0.11995415091583833
1348,-0.1447593243960775,0.7009934606338027
1349,-0.07815336353805738,-0.25213840450087344
1350,0.40039483663966213,1.6549571845251383
1351,0.3398566575818335,0.1455991821627316
1352,-0.19411406434254658,-0.430849433999496
1353,1.093061959780891,-0.7030743132276961
1354,1.2629943163308164,1.438671555902595
1355,-0.0008568526223781819,0.8316484164729249
1356,-2.1217050054175335,0.7843894262132332
1357,1.4267753240891623,0.10642643662868248
1358,0.37567005213431937,0.10349622786332537
1359,0.7679788470441754,0.3233998727860783
1360,-1.024627956983652,0.5875559869542442
1361,0.2039808118779388,-0.34656958797764414
1362,-0.1293632778007719,-0.46821986214240774
1363,1.20532277635005,0.9849020484937991
1364,0.7293457661801208,0.44200121066919473
1365,-0.4431861323124673,0.6502747707531942
1366,-1.478376278666326,0.1233571812476972
1367,0.3154416969586669,-0.0785840973590598
1368,1.8234896398002038,0.8464759982157849
1369,-0.11837488128391738,2.012507645823131
1370,-1.243761136782842,0.357661979392489
1371,-0.6277930365894291,-0.7673757353810389
1372,0.03988803946779654,0.931632611245131
1373,-1.074520091621147,0.46314109703082157
1374,0.402704674761022,0.5421577596647569
1375,-1.54484287417205,-0.845953632591947
1376,-1.007675111028623,0.811298574866349
1377,1.0856640856850563,-0.364008456946472
1378,-0.9942651709182606,0.6025363672873207
1379,-0.4222124762084024,1.0968129349141809
1380,0.19480916945684815,-0.6478080192080085
1381,0.6853764097785612,0.38868588878889143
1382,1.4602210648003795,-1.8162239896198729
1383,-1.824929507927457,0.13452862310238403
1384,-0.051186541950296635,-0.17712327665779037
1385,0.741521613938573,-0.7502470737042826
1386,-0.31499236458409197,-1.054073733950459
1387,0.48009920729133837,1.3363788180892076
1388,-0.16208895938335527,0.06905735322173656
1389,0.5593614424513597,1.4329204305561007
1390,0.5174205734791484,0.24197714022207675
1391,-0.06944183697062216,-0.03345364178392474
1392,-0.2870864181279942,-0.14276235843912607
1393,-0.7132836384194459,-0.11894077698972827
1394,-0.08340020177399346,1.139333472615575
1395,-0.754925720637214,-0.0003993942652414928
1396,-0.26483037820258626,-0.7191155838245589
1397,1.3748198581029882,3.5591481978769837
1398,0.12729338585342564,-2.2942817250155434
1399,0.8089250733748077,0.7659950181914494
1400,0.23325526006975386,1.5564026373469177
1401,-0.9347460262395547,0.52697827888473
1402,-0.696195911941441,0.1143167256982085
1403,-0.17986145115975394,2.0974693759422585
1404,0.18453104092813732,-0.5459488134075492
1405,0.5741969077539983,-0.0168776800954048
1406,-0.17676018630351834,-0.09027569309669425
1407,0.2017042874578369,0.6265957785863598
1408,0.49407508194870886,0.23767711736173244
1409,-1.9658831804933659,-0.4821623929400728
1410,0.7207915584164364,-0.8194101374328691
1411,0.8632009432240719,0.30262391001385325
1412,0.6294531160619672,-0.21440444991993157
1413,-0.3403472221572983,-0.916415235581901
1414,2.075669788276705,-0.8820383325294606
1415,-0.825089778701483,1.4664304306368947
1416,1.6466704552340938,-0.03793434215079555
1417,-0.645569684512197,-0.7724628241307196
1418,-0.9986665089886742,2.076237045183409
1419,1.3631334961667625,0.8481498296431998
1420,0.8006021969478164,-0.5247712069756122
1421,1.2937269865888346,-0.47181208478114944
1422,-1.1652664687311558,-0.2570608425211377
1423,1.0154356327934873,0.2453436778767192
1424,-2.328657444292541,-0.8927441776729178
1425,-0.37220513704460845,-0.3188370024702326
1426,0.8395594117540909,0.7620719348446138
1427,-0.5040676122262877,-0.3849384875920888
1428,-6.2894837288585315,-3.368576538317172
1429,-3.0488228660383654,-2.353813194814325
1430,1.0674978052650186,-0.7702927595465392
1431,1.522726681352508,0.4902560010815837
1432,-0.22708395685153626,1.4245669514436299
1433,1.2860242591689885,1.353818408779659
1434,0.18433276347669422,2.0656945969329445
1435,-0.398590872435772,1.9216706532814938
1436,-2.704353679276419,1.1145438856666932
1437,0.6393660899490068,-2.0789731356996386
1438,0.3590878209697045,0.06941073711100995
1439,1.0007488368411372,-0.005867334320634507
1440,1.3709266613649183,-0.3313561313398525
1441,-0.3719424916243378,-0.17640412406454362
1442,0.9520326846158786,-0.5644167677574208
1443,0.502470622333569,-0.1840695053809687
1444,0.052231441144981475,0.9514836384700156
1445,0.862197584668601,0.9326285007177275
1446,0.4005306715865302,0.23418904256128936
1447,1.0351422112311486,-1.6881351911851166
1448,-0.784172646511244,-0.9975475140217032
1449,-0.4931335445403331,0.38868858093092
1450,-0.19637223542059606,0.40678597378555836
1451,0.7863364257441836,-0.4937870943060504
1452,1.09395443541032,0.08448815475409255
1453,0.23193861424982865,-1.2094280447866335
1454,0.6217743291046,-0.7397481573942918
1455,0.7786665051238973,0.5169546474963197
1456,-0.5541949450350246,-0.7491446573992794
1457,-1.3423864279245161,-0.4923939937443089
1458,-2.5672262435836135,3.354614218370234
1459,0.31077811024269797,-0.5011773282734341
1460,-0.14553340630913045,-1.1651650051537232
1461,-1.3034608610371579,-0.6454680014600624
1462,-1.4373695911155324,-0.5611483491219776
1463,-0.6381242458139842,1.5739147358764793
1464,-0.0948993209974622,-2.313518400629413
1465,-0.5120300941013645,-0.6001973958480163
1466,-0.6462915186319393,0.37403433058357477
1467,0.773280363390261,-0.19562771430758716
1468,-0.4833741649664408,0.21088826508067154
1469,0.08429331756505028,0.007940953501407777
1470,0.29479276129142684,1.2336664208731642
1471,-0.13593521320898255,0.7282482734259198
1472,0.3394300258182136,0.2646398116877887
1473,0.3911982323128721,0.19438672554154932
1474,2.8516655201607506,0.14297322947806712
1475,0.10268509554105698,0.19256364290162087
1476,0.6512441226473407,0.4372363461540518
1477,0.5639244747355469,-0.05695151284825016
1478,1.162818707563004,-0.24625725216607747
1479,0.835109482490116,-0.17817859094692035
1480,-0.22340820657242422,-0.15146546736284416
1481,0.18247782907162965,-0.3413718807950641
1482,1.0449928164963784,-0.2947535326563397
1483,1.066491928161847,0.0428433605177051
1484,-2.8666926345248958,-0.5815311963020919
1485,-0.23231367004906606,-0.7111844005859149
1486,0.08350179488183557,0.6480735429762529
1487,1.2129649847330728,0.4023551603642872
1488,-3.6461971926310834,0.02999221373681904
1489,0.5727200788670818,-0.8555728881575995
1490,-1.2025426179294103,1.198557775258493
1491,1.4892998323451385,-1.9389801071534214
1492,-0.5682144443894824,-0.7740670750529136
1493,0.9482306609751283,0.3232110652111929
1494,0.2298574353397723,0.6662399412990064
1495,1.1325408135446378,-0.08813191701070655
1496,-0.9304776379876976,0.2757797132248698
1497,1.4254968386105098,0.3720892228960676
1498,1.72420985094448,-1.8430896455645138
1499,-0.23651249484902237,1.510402790293344
1500,-0.21059229260903348,-0.8795869032861086
1501,-1.1952316983652311,0.17123421007893858
1502,0.39012945471395144,-0.6090710422973102
1503,0.046048792582227716,0.8619829023295456
1504,0.6852034280059277,-0.018116050780284276
1505,0.4662764006329197,0.6067050167045188
1506,0.462772043607272,0.2962274333189113
1507,0.06465706315189626,0.8476839287269863
1508,0.6421147126468681,-1.413181603426839
1509,-0.5514520924118584,0.5397108543164664
1510,0.019603200995990888,0.16912974184390206
1511,0.21177926621431742,-0.1292566980502579
1512,0.17415623516935275,-0.1387083292533561
1513,-1.2662880084454708,0.15784090357336428
1514,1.023218737003554,-1.9307084664218097
1515,0.2754053173467653,-0.33708461835470527
1516,-1.4443859081597454,1.2518782776823671
1517,-0.6288918686592015,0.48720582734979284
1518,0.8968257383735329,3.3348853975031654
1519,0.1998256408174429,0.4151220370138633
1520,0.3517601992898245,-0.035682972617201214
1521,1.1567358913815529,0.17044898255714955
1522,0.03923628681770938,-0.5736613645660869
1523,-0.20677488406938374,-0.08323234915300093
1524,0.7127505376296543,0.1021552474904375
1525,-0.24047774616345785,1.1676432613603853
1526,0.89376304234777,-1.065066027758623
1527,1.0304084674801828,-0.2690701040483367
1528,-1.0726904511892166,-0.19468256024587136
1529,-0.9316766240501302,1.415070425250942
1530,0.8383415345387578,-1.092057336533348
1531,-1.9553673905275897,-0.6020751876368271
1532,-1.0961253927762393,0.5092979704286392
1533,0.9219515230641078,-0.6528522221229459
1534,1.2528361193365047,0.07413036568772333
1535,0.6310326094264954,-1.3734952769648645
1536,-1.1763083593054398,-4.200852086009247
1537,0.2856104728163112,0.16001751296499245
1538,0.5943919049957658,0.23546029394758475
1539,2.8112828739773548,-0.18766234233814674
1540,1.5746994401627539,0.6035811446425954
1541,0.3655446866721852,-0.422219562428779
1542,-0.40937561557491353,-1.0463870316255632
1543,1.6887931103818619,-0.7037944031034118
1544,0.4560800647556605,-0.9097107083060932
1545,0.6875840629334509,1.1156150958971558
1546,0.6043418727771058,0.19324717009857917
1547,0.13323153953152822,1.5237307905693767
1548,-1.5247312663909827,-0.07057594778016896
1549,-0.7064781704544476,0.4998025870282446
1550,1.2741135824582832,-0.7965232585733586
1551,-0.39437614216212535,-0.5958711713995831
1552,-0.47459665794633776,-1.9351352623101548
1553,-0.294513172541755,-0.1561141503223662
1554,-0.8421125678424388,-1.5701360695722002
1555,0.5935464814195935,0.5223986673592863
1556,0.5653849957251648,0.07843009854743827
1557,-3.752265686525923,-2.12732575917985
1558,0.015294616296060742,1.2067148566753838
1559,-0.6911602648656481,2.3954921051357605
1560,-0.7667183212911456,0.8090645343459222
1561,0.5353019056705957,-0.14028626928432686
1562,-0.9004055837816897,-0.1397112578242234
1563,-0.7890442378102238,-0.037890249193031966
1564,0.9884478202770484,-0.6494838666777893
1565,-0.15258952417734323,0.9005272466580589
1566,0.5081441200588823,0.00750992833130365
1567,0.2026462495890432,-0.12577308897634606
1568,-0.3807732265364964,0.14583737871191615
1569,-0.3091948276610289,-2.343586042113996
1570,1.5505302763206141,0.2651006130220512
1571,0.6377551321546648,-1.2117975764421607
1572,-0.8803077173645215,0.30379637810756654
1573,-1.212651859911072,0.5032802639192372
1574,0.5858957010839514,-1.859179171461429
1575,-0.11552225530462747,-0.9938832190199004
1576,-0.8152746969065047,0.10503869549768319
1577,-0.6969340548727513,0.7907109974538569
1578,-0.004381973957262586,-0.8155441808336535
1579,0.3903827349919891,-0.7314469491193187
1580,-0.6676706368829053,0.588196418061921
1581,1.4815276198588252,0.6752046972861139
1582,0.32451661388474073,0.3041383961974029
1583,-0.32529900300582315,-2.3310695223848716
1584,0.23212362797035152,-0.12825115876013699
1585,-2.1993808992536827,0.5315710118367358
1586,0.02035843466218179,-0.5978504741098849
1587,-1.0691959930651436,1.0560408749471668
1588,-0.6463514281759208,0.291415495079811
1589,-3.2374963317108465,0.37967270419541654
1590,-0.7558508514808397,0.7897937298930362
1591,-0.4562685849555874,0.12470033153078641
1592,1.3838711242901303,0.9290438361984499
1593,-0.08699782548449277,-0.31223615568259894
1594,-0.9733016594096724,3.1256508123357625
1595,0.1726127102402737,-0.019202928769993077
1596,-1.7451215147027312,0.35208851490704296
1597,-0.24595260074032868,-0.03978815285337883
1598,0.17022004234876154,0.22649105759910393
1599,0.11657991313388244,-1.9174996367219164
1600,0.688005745924331,-0.16712096261481707
1601,-0.35454782198122886,1.4542769089973002
1602,0.051602292486809344,-0.25547110662361605
1603,-0.04744853511008923,-0.5782459603675335
1604,1.3174265923767263,-0.7609120125874917
1605,-0.023339894802160616,-0.7063013511970004
1606,0.23147183858480996,0.5415346591823619
1607,1.6178138839161722,-0.6008978000861516
1608,1.3735202580694423,1.4998360687240289
1609,0.14190802473369715,-0.14021701239255058
1610,0.7163818046456573,0.6194405258287278
1611,1.2660658959100233,-1.4642950681738847
1612,-0.13766209799233453,0.794549629580333
1613,-1.3105835006327573,0.6096089599096902
1614,-0.5372873565300185,1.2434966391452638
1615,1.0038390557413752,-1.3434971007112755
1616,0.11382555713724452,-0.1985081912208683
1617,1.9639765107704183,0.12324161698004554
1618,0.7072140143057487,0.10611106632147338
1619,0.3915771388051066,1.257904964803132
1620,-0.8235991916877676,-2.1768554435861383
1621,0.7197902758072326,0.0654681139209658
1622,0.28783563327725015,0.19887003905900458
1623,0.5799156566216441,-0.08346600855245168
1624,0.5119910405204265,-0.25269443399370756
1625,-0.14745467281001806,-0.11624001836545647
1626,-0.2622247472041774,1.2256208945042415
1627,0.708232117372506,0.28344245696882997
1628,-0.45129220340738735,-0.12265509924565632
1629,-1.2403958149224361,-0.06453766863420718
1630,1.0060417383797917,0.28174160740183685
1631,0.6616956490042132,-0.029541884270076757
1632,0.9186146147858063,-0.09139140219965616
1633,0.8000221160038279,-0.49746883016907445
1634,0.9627878278144808,0.2853481850555766
1635,1.1849009463106759,0.8877835443059978
1636,-0.08336694329265043,-0.03070666060593938
1637,-0.7848709436102488,1.2849476112097769
1638,-0.47600638858656164,0.4241394298455002
1639,-0.29242972178863863,1.4838183381070496
1640,0.9383087652241481,0.7823609056153279
1641,-2.1089341464200837,0.013146130682871349
1642,0.7026042966859258,1.2912583055643063
1643,1.6694882923772587,-0.7715410410183942
1644,0.8983679064954224,3.125428895603274
1645,-2.0459257255835386,1.38688298488118
1646,0.8915144051426265,0.9391043585890373
1647,0.8195124270150899,0.6869137794261294
1648,0.2058644797887919,-0.48490193134482007
1649,-1.5837124457454967,-0.4608300750039577
1650,1.5670593600627107,1.1254803471577461
1651,0.1017853102355995,0.4811367098903533
1652,0.5513885541912346,0.5203039973971917
1653,0.4421140906653831,-1.3892686505715295
1654,0.5737914604922167,-0.35817545934189565
1655,0.9613884835604173,0.4449705403899281
1656,-0.7091235473001805,0.7868702446355489
1657,0.26168300028155594,-0.11637104017870292
1658,1.0200056838718956,0.553669498204912
1659,1.0128653265172793,1.3653160056987736
1660,1.4022936231455225,-0.3504191097307925
1661,0.6943604743775859,-0.4499306586627971
1662,1.1851985017150681,0.23669114712293343
1663,0.16328419927529705,-0.09076113221836705
1664,0.3467199247398633,-0.3386081504454315
1665,-1.566716676561338,-0.4940159717876761
1666,0.16061743563141961,-0.6473967251144724
1667,-2.3338512923594252,-1.522504177258206
1668,-1.0916902438587257,-1.2138080878399498
1669,0.4492510690423639,-0.9201129992481214
1670,1.1427521941642276,-0.6706144204748177
1671,0.03723525567191599,-0.20104413591901804
1672,-0.44749193657241604,0.8325050158369127
1673,-0.46283005285858336,-3.283473146901644
1674,1.6364555596244028,0.12369545669235354
1675,0.950259415923864,-0.7851921912108646
1676,0.918380663037501,0.10813475559349697
1677,0.5579773419031276,1.0175430633635185
1678,1.414123113568539,0.8739486724286982
1679,0.5147671424628087,0.5841511448316289
1680,0.48024153522664864,1.3926059823538817
1681,-0.4807739712481306,1.0613712115201535
1682,0.7706186152927804,0.4083565092130779
1683,0.41561447000309254,0.06702416779403553
1684,0.22809284979987918,0.769806938546534
1685,0.5104936442725176,-1.137464068920307
1686,-1.2052233692359233,0.07265951239924683
1687,-0.6941371483085643,1.4036155370901033
1688,0.7216881620567117,-0.6629802244476832
1689,-0.4002209796190815,-0.7710537322187613
1690,1.3602150075276813,-0.8494823688435458
1691,-0.311416853530024,0.012892601340504184
1692,-0.07841374150296693,0.03838965513090542
1693,-1.122651414368137,-0.22931252677673764
1694,-1.3096339642567227,-0.7598226813201596
1695,0.4871189732551307,-0.1792287764983275
1696,-2.301469503284224,0.5098866761198173
1697,1.4213593688633899,0.4375091654553852
1698,1.1669437388060073,1.64593217140662
1699,1.0880043327336226,1.0444667545905775
1700,0.3926662651386846,2.0335120500064976
1701,-1.9128524832540386,0.10030709543858718
1702,0.13647910735686417,-1.3712953878290965
1703,1.0509982788597738,-0.7466318772050428
1704,-5.686343602300424,-0.6925568281152983
1705,-0.6740038659617222,0.13044596134636166
1706,1.9635690571711173,0.7593365049914871
1707,0.4147805530575095,1.8910410950451189
1708,-0.6876913500032518,-2.488804735351337
1709,0.5382589214347137,1.3407730127126547
1710,0.5402698839299929,-0.9830989574041027
1711,0.10216597130141428,-1.4065303460058565
1712,-1.1727902855258052,-1.50893043113695
1713,-1.4701118893027294,-0.6207029506620468
1714,0.17096312080846615,-0.4204561078193013
1715,1.0210016206197425,0.14517045916575477
1716,-1.398659947848416,-1.6011732999743007
1717,1.6960722005655988,-0.36350102457621136
1718,1.2032332020032028,-0.12469394989428478
1719,0.905563636643467,0.7630623308947267
1720,-0.4226878175962986,0.7694433216949857
1721,0.6955969333305554,-1.3239416465254512
1722,0.9888691156407764,-1.0619441810213957
1723,0.2915853120940582,0.2936562697524635
1724,0.9237860507206461,-0.2985695330254684
1725,-0.16100755146414703,0.42514559055757317
1726,-0.9967716203524554,-0.6480611400646437
1727,-0.3241646475249977,-1.6402594903740382
1728,0.4368926164673013,-0.06078057000129965
1729,-0.7645731425011478,-3.00317828786214
1730,1.7242406518572788,-2.0312458517471406
1731,0.7321841717319948,1.4316702274349729
1732,0.7819304413760686,-0.14976542284604105
1733,-0.30786268520835064,0.06481924516659793
1734,0.04691526214863438,0.2187094529433572
1735,1.2899245558701864,-0.22605599114239294
1736,-0.9770656907963022,0.14227081151559803
1737,-1.0437894417611961,2.3489399055947997
1738,-1.0709025965096466,0.9852764500756519
1739,0.209055935527516,2.6552487785871737
1740,0.03529368169818424,-0.28283719470105295
1741,-1.8310875405206133,-1.233860143179011
1742,1.0514265420273847,-2.237730249430334
1743,0.5168688820429687,0.13580985735996576
